{
    "timestamp": "2025-11-14 21:07:52.865445",
    "fare_model": {
        "name": "LinearRegression",
        "metrics": {
            "train_rmse": 3.093286837880818,
            "test_rmse": 2.690766562025756,
            "train_mae": 1.6000773133649553,
            "test_mae": 1.5813593950459963,
            "train_r2": 0.9127397963645174,
            "test_r2": 0.9429974498233639,
            "cv_rmse_mean": 3.014411922111613,
            "cv_rmse_std": 0.40276044299624136,
            "r2_gap": 0.030257653458846456,
            "selection_score": 1.0035127567410567
        }
    },
    "demand_model": {
        "name": "RandomForest",
        "metrics": {
            "train_rmse": 13.553185281807567,
            "test_rmse": 12.945310593468642,
            "train_mae": 7.921723616348829,
            "test_mae": 8.424258823467465,
            "train_r2": 0.9470169202830439,
            "test_r2": 0.9424477962682679,
            "cv_rmse_mean": 61.91790648560743,
            "cv_rmse_std": 18.31805506560763,
            "r2_gap": 0.004569124014775938,
            "selection_score": 0.933309548238716
        }
    }
}