{
    "model_name": "RandomForest",
    "timestamp": "2025-11-14 19:37:04.249261",
    "metrics": {
        "train_rmse": 0.966665283771666,
        "test_rmse": 2.123668281619058,
        "train_mae": 0.2059951657962616,
        "test_mae": 0.5145701899049615,
        "train_r2": 0.9914782639440345,
        "test_r2": 0.9644928673510684,
        "train_mape": 1.7521318529738865,
        "test_mape": 4.958414061080135,
        "cv_rmse_mean": 2.272410441534256,
        "cv_rmse_std": 0.4741181868244283
    }
}