{
    "fare_prediction": {
        "LinearRegression": {
            "train_rmse": 3.093286837880818,
            "test_rmse": 2.690766562025756,
            "train_mae": 1.6000773133649553,
            "test_mae": 1.5813593950459963,
            "train_r2": 0.9127397963645174,
            "test_r2": 0.9429974498233639,
            "cv_rmse_mean": 3.014411922111613,
            "cv_rmse_std": 0.40276044299624136,
            "r2_gap": 0.030257653458846456,
            "selection_score": 1.0035127567410567
        },
        "Ridge": {
            "train_rmse": 3.093287155739967,
            "test_rmse": 2.69082785055058,
            "train_mae": 1.600136171553567,
            "test_mae": 1.5813718452957057,
            "train_r2": 0.9127397784311948,
            "test_r2": 0.9429948530600115,
            "cv_rmse_mean": 3.0144084668735633,
            "cv_rmse_std": 0.40277646991947513,
            "r2_gap": 0.030255074628816714,
            "selection_score": 1.0035050023176448
        },
        "RandomForest": {
            "train_rmse": 2.1761022669956716,
            "test_rmse": 2.710912045600703,
            "train_mae": 0.3925732317276397,
            "test_mae": 0.4939830497712413,
            "train_r2": 0.9568148494791074,
            "test_r2": 0.9421407105438183,
            "cv_rmse_mean": 2.611192674747971,
            "cv_rmse_std": 0.5281525052208024,
            "r2_gap": 0.014674138935289127,
            "selection_score": 0.9127924326732401
        },
        "GradientBoosting": {
            "train_rmse": 0.9986133792638001,
            "test_rmse": 1.9142210255270444,
            "train_mae": 0.35446299713888735,
            "test_mae": 0.5382398588235529,
            "train_r2": 0.9909056723766947,
            "test_r2": 0.9711512894916529,
            "cv_rmse_mean": 2.3312990224881793,
            "cv_rmse_std": 0.521003451252051,
            "r2_gap": 0.019754382885041832,
            "selection_score": 0.9316425237215692
        },
        "XGBoost": {
            "train_rmse": 1.184070583762691,
            "test_rmse": 2.175006543674053,
            "train_mae": 0.39779894735290466,
            "test_mae": 0.5601715458429247,
            "train_r2": 0.987214108381458,
            "test_r2": 0.9627553946175458,
            "cv_rmse_mean": 2.7399086753927433,
            "cv_rmse_std": 0.7148203147684485,
            "r2_gap": 0.024458713763912177,
            "selection_score": 0.9138379670897214
        },
        "LightGBM": {
            "train_rmse": 2.121622730841927,
            "test_rmse": 2.755139177968213,
            "train_mae": 0.5082473138069501,
            "test_mae": 0.5698812478176931,
            "train_r2": 0.9589500951923267,
            "test_r2": 0.9402374216220517,
            "cv_rmse_mean": 2.7747906531948816,
            "cv_rmse_std": 0.6958051743725777,
            "r2_gap": 0.01871267357027495,
            "selection_score": 0.9028120744815018
        }
    },
    "demand_prediction": {
        "LinearRegression": {
            "train_rmse": 40.87673220740932,
            "test_rmse": 37.30802680966302,
            "train_mae": 31.13369519269928,
            "test_mae": 26.24570935237474,
            "train_r2": 0.5180446700871364,
            "test_r2": 0.521984951898478,
            "cv_rmse_mean": 3934.643545036243,
            "cv_rmse_std": 7755.7412174447945,
            "r2_gap": 0.0039402818113416505,
            "selection_score": 0.5298655155211613
        },
        "Ridge": {
            "train_rmse": 41.84947436059895,
            "test_rmse": 38.37468168343099,
            "train_mae": 31.243029612801262,
            "test_mae": 26.485903216686765,
            "train_r2": 0.4948335929976979,
            "test_r2": 0.49426084298503226,
            "cv_rmse_mean": 53.79771913122077,
            "cv_rmse_std": 18.40800893403637,
            "r2_gap": 0.0005727500126656571,
            "selection_score": 0.49311534295970094
        },
        "RandomForest": {
            "train_rmse": 13.553185281807567,
            "test_rmse": 12.945310593468642,
            "train_mae": 7.921723616348829,
            "test_mae": 8.424258823467465,
            "train_r2": 0.9470169202830439,
            "test_r2": 0.9424477962682679,
            "cv_rmse_mean": 61.91790648560743,
            "cv_rmse_std": 18.31805506560763,
            "r2_gap": 0.004569124014775938,
            "selection_score": 0.933309548238716
        },
        "GradientBoosting": {
            "train_rmse": 6.740020910971505,
            "test_rmse": 14.6179193311727,
            "train_mae": 4.473845706897797,
            "test_mae": 9.423426204669111,
            "train_r2": 0.9868968131038414,
            "test_r2": 0.9266148595006426,
            "cv_rmse_mean": 60.21598090601371,
            "cv_rmse_std": 14.945644319379793,
            "r2_gap": 0.06028195360319877,
            "selection_score": 0.8060509522942451
        },
        "XGBoost": {
            "train_rmse": 6.493308067389036,
            "test_rmse": 12.975894834802425,
            "train_mae": 4.440469833405879,
            "test_mae": 8.410938938458761,
            "train_r2": 0.9878385190567244,
            "test_r2": 0.9421755324604956,
            "cv_rmse_mean": 46.09016190948213,
            "cv_rmse_std": 10.58465196294303,
            "r2_gap": 0.045662986596228805,
            "selection_score": 0.850849559268038
        },
        "LightGBM": {
            "train_rmse": 11.30121157421162,
            "test_rmse": 13.995041503825655,
            "train_mae": 7.205562235227129,
            "test_mae": 8.792772296325166,
            "train_r2": 0.9631612861824259,
            "test_r2": 0.932735581862016,
            "cv_rmse_mean": 52.206129328286195,
            "cv_rmse_std": 23.387233894997934,
            "r2_gap": 0.03042570432040992,
            "selection_score": 0.8718841732211962
        }
    }
}