pickup_zone_id,total_rides,risk_score
0,9501,1140.12
6,9178,1101.3600000000001
5,4785,574.1999999999999
3,3910,469.2
7,2629,315.48
4,932,111.84
2,807,96.84
8,697,83.64
1,539,64.68
9,456,54.72
